NAME,ID,HIST_DATE,ARCH_DATE_MIN,ARCH_DATE_MAX,ARCH_DATE_MID,ALTITUDE,TERR_UNDUL,LAND_TYPE,LAND_TYPE_SIMP,ALA,DIST_PRAGUE,DIST_MAJTOWN,DIST_MONAST,DIST_MAJROAD,DIST_MAJRIV,STATUS,LONG,LAT
Bělokozly,2,1436,1400,1500,1450,449,6.58,7,6+7,0,43349,17943,3070,18844,1374,0,-712269.5809,-1073783.102
Záhoří,4,1544,1400,1500,1450,501,5.56,7,6+7,0,117569,10718,12567,9344,40034,0,-859429.6075,-1057946.168
Černěves,6,1468,1400,1500,1450,428,1.97,8,8,0,109850,4940,27928,2057,18010,0,-772935.8935,-1148660.186
Nová Ves,7,1560,1400,1500,1450,433,3.38,7,6+7,0,83819,7422,18201,311,11262,0,-777474.4784,-1119337.784
Údraž,9,1469,1400,1500,1450,405,3.61,8,8,0,89931,11645,19901,14386,2195,0,-763081.7366,-1130638.543
Rudolfov,10,1554,1400,1500,1450,478,2.74,7,6+7,0,121942,5338,19771,6658,5789,1,-750721.7262,-1164706.293
Staré Město pod Landštejnem,12,1495,1400,1500,1450,544,4.3,6,6+7,0,134648,7173,27232,9459,30906,1,-698852.8095,-1170291.647
Košice,13,1404,1400,1500,1450,454,2.47,8,8,0,87983,7682,31290,3805,25944,0,-730666.3095,-1130162.293
Porešín,15,1488,1400,1500,1450,512,4.37,7,6+7,0,61156,9855,9142,19272,13059,0,-755312.247,-1102886.397
Záluží,16,1545,1400,1500,1450,533,3.14,7,6+7,0,63078,10133,9940,13622,7648,0,-761111.9137,-1103386.459
Klisín,17,1463,1450,1500,1475,558,3.58,7,6+7,0,65548,5882,5472,17334,10762,0,-757897.2262,-1106810.168
Škrovád,18,1417,1400,1500,1450,277,2.49,7,6+7,1,101692,5078,9984,4555,15359,0,-646467.9553,-1075562.876
Suchá Lhota,19,1559,1400,1500,1450,426,2.73,7,6+7,0,127793,8569,10066,1491,20784,0,-621081.1844,-1081912.876
Drahouš,20,1404,1400,1500,1450,531,2.99,7,6+7,0,67650,18347,20106,4328,16922,0,-809882.5596,-1034182.042
Háje,21,1603,1450,1500,1475,576,3.91,6,6+7,0,53371,20931,18043,1927,12358,0,-775839.945,-1084945.001
Ostrov,24,1411,1400,1500,1450,366,4.85,7,6+7,0,56402,2960,3035,13304,15666,0,-718361.8616,-1093848.23
Vřešímy,25,1415,1400,1500,1450,402,4.67,7,6+7,0,26635,14712,11368,9090,5600,0,-725955.4033,-1063643.397
Přepeře,26,1457,1400,1500,1450,286,2.49,8,8,1,64356,5310,12647,12432,31620,0,-689146.5699,-1007501.459
Sklenařice,27,1561,1400,1500,1450,603,9.22,6,6+7,0,97280,21055,37179,32198,13068,0,-665582.7782,-983868.8758
Peřimov,28,1654,1400,1500,1450,396,7.17,7,6+7,0,94392,20878,37452,35626,10918,0,-662185.5282,-993938.9174
Prachov,30,1533,1450,1500,1475,360,3.8,7,6+7,0,75763,4198,26494,25865,25565,0,-674679.1532,-1009886.678
Brdo,31,1542,1400,1500,1450,496,5.48,7,6+7,0,87475,10681,37208,23589,14134,0,-662807.299,-1007650.949
Lány,32,1748,1400,1500,1450,316,4.2,8,8,0,90156,14549,37105,16115,13111,0,-657465.3615,-1013969.199
Kukleny,33,1547,1400,1500,1450,238,0.77,9,9+10+11,1,98574,3215,6143,11741,2426,0,-644238.8407,-1042697.657
Slatina nad Úpou,34,1545,1400,1500,1450,377,4.18,7,6+7,0,122095,9948,16989,11413,11643,0,-623519.3198,-1017011.907
Jestřebí,35,1459,1400,1500,1450,446,6.51,6,6+7,0,129310,6270,17419,272,17928,0,-614332.9865,-1028386.345
Sendraž,36,1403,1400,1500,1450,543,6.98,6,6+7,0,130824,6137,18786,511,19381,0,-612864.549,-1027904.803
Vyhnánov,39,1562,1400,1500,1450,288,3.79,8,8,0,131632,7007,21949,26295,30119,0,-612023.174,-1057891.355
Jáchymov,40,1516,1500,1600,1550,737,10.67,5,5,0,112174,7831,24568,4570,9650,1,-844607.7992,-995896.8341
Branov,41,1551,1500,1700,1600,315,8.33,7,6+7,0,42252,12989,26536,7943,1053,0,-784997.1741,-1045405.667
Byšičky (staré),42,1546,1500,1600,1550,174,1.4,9,9+10+11,1,28782,3864,14008,7555,1042,0,-714821.7366,-1036317.23
Stříbrné Hory,43,1521,1500,1600,1550,477,3.43,7,6+7,0,106136,4571,18345,7716,509,1,-659119.0074,-1108291.834
Dřevíkov,44,1542,1500,1600,1550,569,3.1,6,6+7,0,107245,12377,16888,19061,12381,0,-647181.0073,-1091560.907
Jistec,45,1770,1500,1600,1550,376,3.91,8,8,0,80408,8719,17948,4318,6797,0,-773231.1533,-1117453.032
Hamr,46,1614,1500,1600,1550,450,2.03,7,6+7,0,131397,12114,41237,15249,32886,0,-724243.5491,-1173100.199
Modlibohov,47,1547,1500,1600,1550,361,6.22,7,6+7,0,77464,2876,17965,3327,40623,0,-694530.8407,-982444.0945
Vítkovice,48,1585,1575,1600,1587.5,682,11.83,5,5,0,102858,21266,44596,41267,3838,0,-656377.924,-987264.8029
Dílce,49,1542,1500,1550,1525,287,3.51,8,8,1,79091,3412,29893,24281,22263,0,-671019.9657,-1009836.407
Valdice,50,1627,1500,1550,1525,309,2.57,8,8,1,80047,3217,32025,22236,21568,0,-669302.8199,-1011336.595
Stav,51,1545,1500,1550,1525,341,4.48,7,6+7,0,85854,9121,37877,20252,16903,0,-663063.9449,-1011222.824
Studénka,52,1558,1525,1575,1550,462,4.98,7,6+7,0,88716,11952,40139,20474,14176,0,-660402.2365,-1010172.428
Horní Javoří,53,1543,1500,1550,1525,482,6,7,6+7,0,93766,12251,38189,17995,9744,0,-654372.3823,-1011868.407
Dolní Dolce,54,1790,1500,1600,1550,260,1.68,8,8,1,109232,1943,15536,2479,1242,0,-634608.0073,-1028071.49
Nová Ves,55,1577,1500,1550,1525,430,3.13,7,6+7,0,122271,8271,6884,16591,20489,0,-620558.6323,-1045078.907
Jahodov,56,1707,1550,1600,1575,420,4.15,7,6+7,0,136484,4140,22907,25473,33880,0,-606705.049,-1053161.928
Roveň,57,1542,1500,1600,1550,351,4.03,7,6+7,0,135204,3545,22161,25797,34152,0,-608041.1948,-1053836.615
Svahy,58,1651,1600,1700,1650,539,6.13,7,6+7,0,118456,7616,15368,12539,38521,0,-860665.3617,-1054953.157
Císařská Kuchyně,59,1785,1600,1700,1650,176,1.35,11,9+10+11,1,27770,5597,13753,5467,948,0,-715440.8616,-1038334.678
Podbrahy,60,1788,1600,1700,1650,179,1.68,11,9+10+11,1,27416,5838,19159,3360,5300,0,-717898.8407,-1031577.22
Hatě,61,1781,1700,1800,1750,324,5.04,8,8,0,29454,10534,16330,7809,5259,0,-764280.2991,-1063186.99
Prášily,62,1790,1700,1800,1750,879,7.73,5,5,0,132735,10730,41771,2437,46574,0,-833071.9659,-1140344.782
Kralovice,63,1183,1000,1100,1050,446,2.42,8,8,0,68036,31367,,12975,7789,1,-810810.5961,-1045285.605
Radonice,64,1318,1000,1100,1050,397,3.97,7,6+7,0,123999,43376,,7018,44201,0,-854225.4025,-1097453.433
Dnešice,65,1115,1000,1100,1050,363,2.43,8,8,0,99099,18367,,9314,19818,0,-832963.5514,-1084172.454
Ráztely,66,1088,1000,1100,1050,500,3.02,7,6+7,0,71407,43040,,982,12577,0,-782388.2596,-1102458.341
Zliv,67,1338,1000,1100,1050,387,1.56,8,8,0,113932,80445,,10925,5638,0,-762254.1082,-1155282.809
Vlhošť,68,1332,1000,1100,1050,249,1.55,9,9+10+11,1,76957,10099,,10738,26326,0,-668337.6778,-1023633.861
Zeměchy,69,1381,1000,1100,1050,230,2.3,10,9+10+11,1,55011,14571,,2570,4105,0,-786559.2176,-1009669.352
Kostomlaty pod Řípem,70,1285,1200,1300,1250,227,2.66,10,9+10+11,1,33425,7059,14669,12532,7873,0,-744645.4144,-1009646.795
Hrochův Týnec,71,1293,1000,1100,1050,248,1.12,9,9+10+11,1,107912,8646,,3550,12854,1,-638464.4793,-1070526.382
Vraclav,72,1073,1000,1100,1050,307,2.27,8,8,0,120424,21465,,9836,21284,0,-625647.6795,-1070847.594
Cerekvice nad Loučnou,73,1167,1000,1100,1050,294,2.1,8,8,1,130420,30851,,3869,24007,0,-617680.9175,-1079783.201
Zálužice,74,1490,1000,1100,1050,385,1.5,8,8,0,116323,79407,,11050,4128,0,-761072.474,-1157902.561
Mutějovice,75,1337,1000,1100,1050,389,3.55,7,6+7,0,52292,19122,,9131,16021,0,-791550.7117,-1024073.939
Mšec,76,1316,1000,1100,1050,434,4.15,7,6+7,0,39518,28912,,5706,17404,1,-777946.8438,-1024932.429
Horní Mokropsy,77,1088,1000,1100,1050,212,5.71,9,9+10+11,1,18501,16102,,2461,592,0,-752413.3494,-1058836.128
Dolní Břežany,78,1332,1000,1100,1050,334,2.1,8,8,0,14030,11562,,4519,4899,0,-742022.6786,-1057029.626
Černé Budy,80,1053,1000,1100,1050,315,6.91,7,6+7,0,41265,15147,,16232,385,0,-712184.8254,-1070675.796
Kruhy,81,1675,1000,1100,1050,265,3.16,8,8,0,66631,17787,,3669,41563,0,-694971.0338,-996643.0637
Mochov,82,1295,1000,1100,1050,196,1.41,10,9+10+11,1,27420,10506,,3239,3130,1,-715501.3775,-1040579.772
Lipník,83,1338,1075,1125,1100,255,1.79,9,9+10+11,1,40718,15334,,7826,11792,0,-705281.8463,-1027228.897
Luštěnice,84,1268,975,1025,1000,209,0.88,9,9+10+11,1,45174,10075,,5587,17575,0,-702852.9713,-1021950.46
Veltěž,85,1275,1000,1100,1050,277,2.65,10,9+10+11,1,9034,9039,,4828,2718,0,-740254.4713,-1034356.772
Ovčáry,86,1350,1000,1100,1050,170,1.25,9,9+10+11,1,22845,7660,,6250,2158,0,-726772.6275,-1026753.97
Mlékojedy,87,1235,1000,1100,1050,164,1.07,11,9+10+11,1,20589,12311,,10835,190,0,-732405.6067,-1025256.428
Kozárovice,88,1337,1000,1100,1050,164,0.52,11,9+10+11,1,25047,21968,,13356,2490,0,-739073.1067,-1018255.553
Vokovice,89,1409,1075,1100,1087.5,305,4.21,8,8,1,5720,4204,,102,5698,0,-748254.1484,-1041258.428
Radlice,90,1283,1000,1100,1050,246,4.88,10,9+10+11,1,3927,2234,,1832,1900,0,-745542.1692,-1045843.658
Dolní Chabry,91,1273,1000,1100,1050,264,3.35,10,9+10+11,1,7076,7090,,4088,3027,0,-740380.1484,-1036376.866
Vinohrady,92,1849,1800,1900,1850,248,3.5,10,9+10+11,1,1734,1202,1770,72,1931,0,-741908.9526,-1044501.043
Pakoslav,93,1379,900,1000,950,502,4.17,7,6+7,0,101148,36180,,14999,27995,0,-843545.7471,-1052172.178
Kostelec,94,1352,900,1000,950,486,2.57,7,6+7,0,110361,32410,,7019,28466,0,-848775.2367,-1073865.365
Domažličky,95,1319,900,1000,950,429,4.22,7,6+7,0,105482,31658,,19030,37869,0,-827601.9554,-1105768.824
Čečovice,96,1358,900,1000,950,404,2.92,7,6+7,0,115087,34865,,7013,33309,0,-850496.3513,-1083632.459
Chrudim,97,993,875,925,900,269,1.76,9,9+10+11,1,99590,50,,123,10337,1,-647109.8198,-1070575.271
Opatovice,98,1073,1000,1100,1050,227,0.98,9,9+10+11,1,98249,7503,,17965,889,0,-644739.1532,-1048903.251
Teplice,99,1158,900,1000,950,231,3.5,10,9+10+11,1,74789,10867,,5006,15761,1,-776250.1238,-976123.6539
Bystřany,100,1509,900,1000,950,194,4.56,10,9+10+11,1,72048,10964,,1994,12826,0,-773612.228,-977888.4247
Vědomice,101,1555,900,1000,950,156,2.15,10,9+10+11,1,40384,14138,,10677,363,0,-749330.0925,-1003166.716
Pohoří,103,1352,900,1000,950,493,3.19,8,8,0,72949,45729,,1461,11278,0,-781077.4467,-1105129.196
Ratiboř,104,1384,900,1000,950,514,2.41,7,6+7,0,110849,39407,,5806,33256,0,-721268.3842,-1151756.717
Jindřichův Hradec,105,1220,900,1000,950,470,2.05,7,6+7,0,113151,33378,,1104,39275,1,-715239.9563,-1152761.182
Chýnov,106,981,900,1000,950,485,3.13,7,6+7,0,80940,52728,,999,34661,0,-725024.2479,-1121982.203
Dobřenice,107,1339,950,1000,975,264,1.41,8,8,1,87518,15250,,16383,11517,0,-655408.4041,-1047483.474
Lochenice,108,1143,900,1000,950,245,1.27,9,9+10+11,1,101988,7063,,4370,703,0,-641115.6124,-1035312.641
Bříšťany,109,1219,950,1000,975,261,1.56,8,8,0,89245,13545,,1157,16220,0,-654723.1333,-1028703.349
Velešice,110,1355,975,1000,987.5,252,1.46,9,9+10+11,1,76603,7097,,7894,27403,0,-667986.6958,-1026615.786
Podhorní Újezd,111,1408,950,1000,975,308,3.69,8,8,0,85177,15273,,11358,17942,0,-660848.2375,-1019847.745
Hradíšťko,112,1372,975,1000,987.5,266,1.52,9,9+10+11,1,77695,10764,,11105,25509,0,-667760.4771,-1022926.172
Nemyčeves,113,1340,925,975,950,280,1.79,8,8,1,75272,15434,,16446,28269,0,-671532.1125,-1018833.068
Holín,114,1327,1250,1300,1275,289,3.44,8,8,1,76021,2370,28040,24026,25349,0,-673664.6541,-1011432.672
Těšín,115,1447,900,1000,950,325,3.62,8,8,1,80793,23652,,23308,20669,0,-669034.4458,-1010091.234
Miškovice,116,1456,925,975,950,235,1.21,10,9+10+11,1,11830,10086,,2321,8668,0,-733100.6542,-1036266.463
Vysočany,117,1239,900,1000,950,207,2.57,10,9+10+11,1,6266,6282,,141,3348,0,-736791.5917,-1041285.609
Vyšehrad,118,1070,900,1000,950,232,4.44,10,9+10+11,1,2548,78,,54,292,1,-743395.5917,-1045501.745
Nučice,120,1037,950,1000,975,346,2.13,8,8,1,15633,14372,,977,9605,0,-757310.0292,-1048869.891
Otmíče,121,1227,900,1100,1000,311,3.49,8,8,0,41734,39152,,1917,14439,0,-779810.1959,-1062331.891
Lochovice,122,1318,900,1000,950,302,3.88,8,8,0,41001,39288,,4536,14220,1,-777762.3209,-1064459.141
Jince,123,1352,1200,1300,1250,378,7.28,7,6+7,0,46068,20772,10156,11075,20168,0,-778968.8209,-1071568.495
Týnec nad Sázavou,124,1318,900,1000,950,286,3.99,7,6+7,0,31119,28851,,2751,309,1,-734495.0084,-1073007.828
Kouřim,125,993,900,1000,950,266,2.31,8,8,1,40908,60,,1587,14380,1,-704589.1542,-1057598.495
Starý Kolín,126,1293,900,1000,950,202,1.28,9,9+10+11,1,62936,13170,,3237,1582,0,-682141.9042,-1059757.495
Čáslav,127,1052,900,1000,950,264,1.25,9,9+10+11,1,72264,64,,261,13462,1,-676416.3208,-1071547.328
Kolín,128,1261,1100,1200,1150,215,1.5,9,9+10+11,1,56238,16331,9947,2923,333,1,-688307.3573,-1056876.844
Kanín,129,1227,1000,1100,1050,193,1.06,9,9+10+11,1,55958,20925,,4822,3066,0,-686952.6906,-1046345.104
Chroustov,130,1369,900,1000,950,248,1.68,9,9+10+11,1,69756,8069,,7373,22686,0,-674340.0031,-1029702.812
Nehvízdky,131,1421,1300,1400,1350,213,1.38,10,9+10+11,1,23775,7806,16937,3504,2976,0,-719202.7531,-1040217.354
Mladá Boleslav,132,1052,900,1000,950,231,2.71,9,9+10+11,1,49628,77,,220,26313,1,-704058.6646,-1012020.047
Brandýs nad Labem,133,1304,900,1000,950,190,1.27,9,9+10+11,1,20259,1372,,1301,635,1,-724451.425,-1034460.021
Stará Boleslav,134,930,900,1000,950,173,1.28,9,9+10+11,1,21581,19,,1266,727,1,-723387.8,-1033618.646
Budihostice,135,1045,900,1000,950,186,1.91,10,9+10+11,1,26013,25050,,2474,4932,0,-751510.3626,-1018505.646
Hoření Starý Dub,136,1548,1100,1300,1200,347,5.85,7,6+7,0,77038,1926,17230,3707,40328,0,-694112.6731,-983329.3925
Deštná,137,1352,1100,1200,1150,246,5.37,8,8,0,48792,27345,26359,28991,12890,0,-729562.871,-996062.4654
Úštěk,138,1218,1175,1200,1187.5,245,4.94,9,9+10+11,0,55577,16006,19374,24308,11821,1,-740794.4335,-987480.705
Kamýk,139,1319,1175,1200,1187.5,302,7.76,8,8,1,57787,4603,12839,8508,2344,0,-759772.996,-987779.6841
Duchcov,140,1207,1175,1200,1187.5,223,2.84,11,9+10+11,1,74721,6307,4249,6303,20362,1,-782289.0377,-979580.2466
Hrob,141,1282,1100,1200,1150,360,7.67,7,6+7,1,80508,12613,4501,11163,22980,1,-783111.8919,-973325.4966
Klášterec nad Ohří,142,1276,1100,1200,1150,316,8.13,8,8,1,95122,27241,6255,3916,302,1,-826297.1836,-997431.6841
Smidary,143,1332,1100,1200,1150,245,1.57,9,9+10+11,1,78521,3971,39140,3492,25411,1,-665338.9668,-1030239.315
Miletín,144,1124,1100,1150,1125,333,3.63,8,8,0,96601,23032,31430,10811,7774,1,-649093.5501,-1019600.419
Plotiště nad Labem,145,1318,1100,1200,1150,243,0.82,9,9+10+11,1,100393,3814,16463,7808,1233,0,-642505.4251,-1038854.148
Krabčice,147,1385,1100,1200,1150,275,2.92,8,8,0,114072,22201,18833,6537,2422,0,-630544.9355,-1022811.138
Bolehošť,148,1394,1100,1200,1150,262,2.42,8,8,0,119150,17448,3814,15561,17304,0,-623665.7689,-1043985.742
Kostelec nad Orlicí,149,1303,1100,1200,1150,291,2.93,8,8,0,128142,28750,17718,26406,26885,1,-615236.1438,-1055053.263
Třebosice,150,1319,1100,1200,1150,236,0.97,9,9+10+11,1,94560,6724,19291,4292,4824,0,-650822.6022,-1064919.575
Stolany,151,1229,1100,1200,1150,281,2.68,8,8,1,96443,4514,15238,3270,12453,0,-651055.4355,-1072718.83
Hradiště,152,1329,1100,1200,1150,464,3.99,7,6+7,0,101195,10890,12634,10804,20806,0,-649108.1022,-1081230.476
Podlažice,153,1160,1100,1200,1150,275,2.42,9,9+10+11,0,111656,12816,19,2395,20529,0,-636839.373,-1078190.414
Lažany,154,1349,1100,1200,1150,442,3.16,7,6+7,0,117935,20538,8070,5750,14287,0,-632639.1126,-1085098.685
Žichlínek,155,1304,1100,1200,1150,353,2.28,8,8,0,160566,61020,23355,20714,18916,0,-587847.8001,-1085064.289
Humpolec,156,1219,1100,1200,1150,531,3.7,6,6+7,0,90795,40315,10534,16917,12768,1,-683776.4564,-1112002.841
Želiv,157,1144,1100,1200,1150,409,4.44,7,6+7,0,84395,42099,89,27285,17285,0,-694227.4981,-1112028.968
Zahrádka,158,1219,1175,1200,1187.5,387,5.05,7,6+7,0,78758,33490,10780,22200,7391,1,-690566.3262,-1101954.958
Budeč,159,1251,1100,1200,1150,487,3.36,7,6+7,0,139733,14713,25237,7425,19416,0,-673320.7845,-1164249.781
Slavonice,160,1260,1100,1200,1150,516,3.2,6,6+7,0,138677,22076,45230,15098,24132,1,-691812.5137,-1171979.583
Pomezí,161,1568,1100,1200,1150,604,3.92,6,6+7,0,131773,24328,51863,8909,33670,0,-700562.2846,-1167837.531
Choustník,162,1282,1100,1200,1150,551,3.53,7,6+7,0,89186,47725,33853,2432,32011,0,-724202.4747,-1130243.877
Rájov,163,1316,1275,1325,1300,465,5.55,7,6+7,0,138091,5365,1149,2372,206,0,-765756.6101,-1179193.117
Záboří,164,1490,1100,1200,1150,412,2.61,8,8,0,102750,81590,32979,7098,10972,0,-768856.2039,-1142416.034
Radomyšl,165,1284,1100,1200,1150,453,3.5,7,6+7,0,92778,53965,33072,1447,23748,1,-789756.9643,-1123045.888
Zadní Zborovice,166,1538,1100,1200,1150,496,3.05,7,6+7,0,93948,49003,27289,3393,28542,0,-795814.5998,-1120590.554
Strakonice,167,1233,1100,1200,1150,396,3.53,8,8,0,99534,57972,35970,5227,29425,1,-792820.1779,-1129081.034
Horažďovice,168,1251,1100,1200,1150,431,3.14,8,8,0,99832,45076,22058,1132,37978,1,-806303.5394,-1120062.495
Dobrá Voda,169,1602,1175,1225,1200,891,8.33,5,5,0,125655,10347,35661,1797,46876,0,-827935.8727,-1135450.662
Blovice,171,1284,1200,1300,1250,390,3.79,8,8,0,84707,13860,9226,21982,22402,1,-813505.4977,-1089687.006
Dolní Lukavice,172,1216,1175,1225,1200,346,3.23,8,8,0,94355,14095,11984,13094,17936,0,-827172.5498,-1085285.662
Všeruby,173,1232,1100,1200,1150,431,3.16,7,6+7,0,89841,23786,16574,12104,15176,1,-831448.2165,-1057684.328
Čívice,174,1180,1100,1200,1150,340,4.8,8,8,0,68965,20796,23473,9685,608,0,-810503.7998,-1056213.245
Plasy,175,1146,1100,1200,1150,333,5.02,8,8,0,75829,27084,12887,12896,11218,0,-818394.9977,-1049127.703
Potvorov,176,1204,1100,1200,1150,536,3.49,7,6+7,0,73439,35810,12507,5824,14676,0,-816201.6019,-1040332.953
Hradiště,177,1379,1100,1200,1150,422,4.96,8,8,0,120550,40038,23520,3688,41271,0,-850518.0603,-1097168.099
Milavče,178,1302,1100,1200,1150,392,3.8,7,6+7,0,124579,43879,26040,8611,44357,0,-855469.7373,-1096202.37
Horšov,179,1184,1100,1200,1150,390,2.48,8,8,0,124289,43914,20105,14645,42532,0,-858853.7582,-1087543.219
Šitboř,180,1248,1100,1200,1150,478,4.28,7,6+7,0,134365,54001,27967,20545,52522,0,-868484.5915,-1090566.084
Přimda,181,1126,1100,1200,1150,700,5.58,6,6+7,0,133536,50101,23402,709,50101,1,-873617.5082,-1069887.573
Dlouhý Újezd,182,1361,1100,1200,1150,527,4.46,6,6+7,0,133653,39400,27083,11507,39371,0,-875476.2061,-1059250
Tachov,183,1115,1100,1200,1150,484,3.4,7,6+7,0,132391,36774,25911,14436,36297,1,-874554.1332,-1056116.011
Planá,184,1219,1100,1200,1150,512,2.82,7,6+7,0,123106,35341,14795,19280,31563,1,-865756.7374,-1049321.511
Čakovice,185,1167,1100,1200,1150,254,1.31,11,9+10+11,1,10184,10201,11042,2641,7031,0,-734658.3414,-1036920.49
Bohnice,186,1158,1100,1200,1150,275,4.02,8,8,1,5225,4983,4950,1716,1386,0,-742484.7164,-1037806.844
Přední Kopanina,187,1285,1100,1200,1150,347,2.42,8,8,1,9521,8016,5635,639,7689,0,-751190.831,-1038500.052
Chaby,188,1360,1100,1200,1150,377,2.33,8,8,1,10158,9039,6155,717,7848,0,-752448.9247,-1046235.146
Stodůlky,189,1292,1100,1200,1150,357,2.98,10,9+10+11,1,8847,7771,5062,104,6613,0,-751071.7685,-1046192.813
Košíře,190,1185,1100,1200,1150,218,4.73,10,9+10+11,1,3348,2613,2509,571,2123,0,-745774.8101,-1044581.5
Smíchov,191,1333,1100,1200,1150,200,4.48,11,9+10+11,1,2099,1367,1437,1014,658,0,-744260.0706,-1044541.813
Buštěhrad,193,1352,1100,1200,1150,332,2.57,10,9+10+11,1,18257,16770,14358,873,12525,1,-758219.4872,-1033226.907
Velké Přílepy,194,1357,1100,1200,1150,274,2.91,10,9+10+11,1,11156,9925,8957,2710,3792,0,-749269.956,-1033924.084
Zbečno,196,1120,1100,1200,1150,251,8.02,8,8,0,36184,34772,31582,5063,203,1,-778995.8935,-1043113.063
Křivoklát,197,1110,1100,1200,1150,280,8.23,8,8,0,39692,38278,35089,5150,1352,0,-782504.2685,-1042994
Skryje,198,1239,1175,1225,1200,327,8.05,8,8,0,49014,15697,22909,12971,844,0,-791343.9977,-1049878.459
Svatá,199,1553,1100,1200,1150,443,5.74,7,6+7,0,37024,35797,31614,4587,7740,0,-777884.6435,-1054884.375
Obděnice,200,1219,1100,1200,1150,504,4.85,6,6+7,0,59741,57168,10504,20143,12962,0,-754236.1852,-1101660.063
Dobrohošť,201,1452,1100,1200,1150,517,4.82,7,6+7,0,51679,49165,22073,10490,15825,0,-742419.8935,-1094698.875
Stříbrná Skalice,202,1361,1100,1200,1150,302,7.06,7,6+7,0,37983,14594,3406,14628,1297,1,-714477.2476,-1068315.948
Bylany,203,1142,1100,1200,1150,296,2.89,8,8,1,60645,11661,4667,5654,8853,0,-687157.6955,-1067112.094
Sedlec,204,1142,1100,1200,1150,219,2.34,9,9+10+11,1,63800,9200,100,1759,6757,0,-682986.5393,-1065187.25
Nové Dvory,205,1370,1200,1300,1250,211,1.66,9,9+10+11,1,65919,4664,2609,434,6021,1,-680435.9559,-1064340.584
Záboří nad Labem,206,1338,1100,1200,1150,200,1.65,9,9+10+11,1,66766,13016,8221,6491,956,0,-677909.1851,-1058681.146
Kozojedy,207,1352,1100,1200,1150,367,3.42,8,8,0,29256,12151,15224,3639,12803,0,-716702.3935,-1056220.521
Sluštice,208,1223,1100,1200,1150,304,1.9,8,8,1,19738,17327,19321,1617,15182,0,-724711.331,-1050891.813
Tlustovousy,209,1227,1100,1200,1150,237,1.58,9,9+10+11,1,24123,13043,16621,6752,8550,0,-718856.1018,-1045854.146
Liblice,210,1289,1100,1200,1150,216,2.05,9,9+10+11,1,33148,10495,9517,3910,10493,0,-710140.7268,-1048621.688
Rožďalovice,211,1223,1175,1225,1200,199,1.8,9,9+10+11,1,58614,16010,23049,14345,16123,1,-686660.2788,-1026211.479
Solec,212,1323,1175,1225,1200,260,2.44,8,8,1,63217,13936,10416,10149,32160,0,-691208.4663,-1006505.313
Skorkov,213,1332,1100,1125,1112.5,183,1.9,11,9+10+11,1,28665,7089,19696,2613,7020,0,-717291.0914,-1029968.563
Vrbno,214,1241,1100,1200,1150,164,0.9,11,9+10+11,1,26352,21396,25326,15483,523,0,-737183.7893,-1017277.823
Lužec nad Vltavou,215,1305,1100,1200,1150,167,0.57,11,9+10+11,1,25971,23969,22735,12388,720,0,-740768.8935,-1017130.979
Vepřek,216,1346,1100,1200,1150,173,1.86,11,9+10+11,1,25592,24889,20029,7362,456,0,-746343.6643,-1017674.698
Libá,217,1264,1250,1300,1275,507,4.04,6,6+7,0,156728,11348,49698,10798,3445,0,-896997.9039,-1014908.912
Ostroh,218,1349,1200,1300,1250,509,2.44,6,6+7,0,153024,8582,46425,9333,4244,0,-893264.6331,-1015083.537
Obilná,219,1288,1200,1300,1250,433,1.6,8,8,0,139428,7568,32409,4647,1501,0,-880532.8831,-1021269.495
Hřebeny,220,1214,1200,1300,1250,484,5.32,6,6+7,0,132785,13374,35626,3620,6632,0,-871105.7789,-1008778.516
Rosnice,222,1523,1200,1300,1250,388,3.55,8,8,0,114360,9202,31805,4400,2242,0,-851807.0705,-1008405.453
Bečov nad Teplou,223,1354,1200,1300,1250,515,7.68,6,6+7,0,113210,12807,13447,1581,12220,1,-854837.9114,-1026690.293
Dolní Jiřetín,224,1263,1250,1300,1275,228,2.68,10,9+10+11,1,79887,6207,10668,10884,23441,1,-794875.3905,-982429.4704
Vilémov,225,1342,1200,1300,1250,302,2.49,10,9+10+11,1,82595,8862,9471,4981,7521,0,-817656.0155,-1008088.762
Podlesice,226,1352,1200,1300,1250,296,2.23,10,9+10+11,1,80724,11603,12227,7404,9321,0,-816785.5364,-1010705.491
Kněžice,227,1295,1200,1300,1250,244,2.18,10,9+10+11,1,74189,9276,15858,6190,8103,0,-809615.328,-1010750.47
Podbořany,228,1369,1200,1300,1250,320,2.69,8,8,1,74018,14855,19903,12837,14662,1,-812168.5572,-1017169.262
Vroutek,229,1227,1200,1300,1250,333,3.61,8,8,0,75139,20390,23522,8323,19584,1,-815008.8593,-1022198.991
Kleneč,230,1400,1200,1300,1250,199,2.48,10,9+10+11,1,36081,3862,9444,8117,4131,0,-750302.2765,-1007726.531
Bečov,231,1327,1200,1300,1250,279,3.47,10,9+10+11,1,64139,9946,10071,5018,9164,1,-786581.9432,-996137.7809
Bedřichův Světec,232,1238,1200,1233,1216.5,320,4.28,10,9+10+11,1,62655,10726,11005,6375,9220,0,-784295.9432,-996066.3434
Mirošovice,233,1207,1200,1300,1250,352,5.43,8,8,1,65125,4756,14194,2235,15210,0,-781382.8807,-990547.1351
Hradiště,234,1352,1200,1300,1250,211,5.98,10,9+10+11,1,68613,8434,5782,1149,11573,0,-773782.7245,-981795.3799
Staré Město,235,1454,1250,1300,1275,133,8.7,9,9+10+11,1,77654,905,31196,19894,455,0,-746871.9536,-965473.234
Rozbělesy,236,1352,1250,1300,1275,135,8.25,9,9+10+11,1,76770,2129,29933,18814,315,0,-747870.7557,-966417.7965
Doubice,237,1457,1200,1300,1250,387,5.98,7,6+7,0,89232,10352,52511,24205,15646,0,-728143.4223,-955003.6715
Brtníky,238,1446,1200,1300,1250,404,5.64,7,6+7,0,95718,16564,55393,24746,16330,0,-728308.7869,-948408.9319
Řepy,239,1264,1200,1300,1250,350,2.64,10,9+10+11,1,8870,7524,4351,1253,8519,0,-751658.2661,-1043669.515
Řeporyje,240,1277,1225,1275,1250,310,2.76,8,8,1,9894,8405,6611,1341,6991,0,-751369.8703,-1047987.515
Čimice,241,1334,1200,1300,1250,287,3.74,10,9+10+11,1,5942,5936,5904,2881,2791,0,-741418.8911,-1037245.432
Hostavice,242,1432,1225,1275,1250,228,1.93,10,9+10+11,1,10043,10056,10634,1080,7761,0,-732804.0578,-1043857.37
Kyje,243,1289,1200,1250,1225,224,2.04,10,9+10+11,1,9130,9144,9937,1034,6692,0,-733682.4744,-1043082.14
Houska,244,1316,1250,1300,1275,440,5.3,7,6+7,0,47126,18720,23271,20697,15903,0,-722435.0369,-1000529.203
Holany,245,1352,1275,1325,1300,272,3.53,8,8,0,59205,8273,29739,31990,20690,1,-729762.0109,-985272.6663
Jestřebí,246,1292,1200,1300,1250,261,3.83,8,8,0,59359,9020,27617,25867,23330,1,-723577.3755,-986865.458
Zahrádky,247,1376,1275,1300,1287.5,264,2.75,8,8,0,61240,5920,32250,29347,23318,0,-727183.6463,-983809.5205
Česká Lípa,248,1263,1200,1300,1250,265,2.67,8,8,0,67155,36,34209,26886,23911,1,-725624.9197,-978102.7887
Brenná,249,1320,1250,1300,1275,295,2.45,8,8,0,65169,8041,26277,20967,29809,0,-718875.3989,-982407.5596
Ralsko,250,1279,1200,1300,1250,334,3,7,6+7,0,61799,15938,12297,10478,32482,0,-708413.7739,-991681.2054
Grabštejn,252,1277,1200,1300,1250,318,3.59,8,8,0,90375,12178,36125,2671,45485,1,-699547.5864,-963675.0595
Starý Dub,253,1556,1200,1300,1250,340,5.6,7,6+7,0,76816,1664,16967,3675,40390,0,-694134.2114,-983598.1846
Jindřichovice pod Smrkem,254,1381,1275,1300,1287.5,381,3.98,7,6+7,0,113581,12803,53042,30976,29055,0,-671861.5863,-954327.3304
Frýdlant,255,1278,1200,1300,1250,295,3.38,7,6+7,0,103873,44,45125,19230,36248,1,-684304.9405,-957192.7679
Víchová nad Jizerou,256,1534,1250,1300,1275,455,9.05,6,6+7,0,97438,24030,40215,37958,8183,0,-659689.4301,-992181.2679
Návarov,257,1365,1200,1300,1250,404,7.88,6,6+7,0,92103,15758,31779,27059,18169,0,-670655.0863,-985782.32
Vesec,258,1320,1200,1300,1250,364,7.34,7,6+7,0,81324,5618,21959,19890,26174,0,-678039.6072,-993846.82
Hrubá Skála,259,1360,1200,1300,1250,362,5.32,7,6+7,0,74936,5371,17577,17398,30106,0,-681599.5759,-999795.9762
Troskovice,260,1388,1275,1325,1300,346,4.65,7,6+7,0,74006,9579,19478,19899,29027,0,-680099.3884,-1003727.685
Příšovice,261,1318,1200,1300,1250,241,2.12,8,8,1,72198,5217,11394,9450,36942,0,-688783.0134,-995131.3721
Všeň,262,1318,1200,1250,1225,266,3.3,8,8,1,71525,4878,11773,11044,36131,0,-687626.7843,-997520.5596
Plešany,263,1654,1300,1400,1350,273,4.97,8,8,1,75441,1793,16142,15052,31914,0,-683359.0551,-996581.2887
Daliměřice,265,1322,1275,1300,1287.5,284,4.6,8,8,1,76612,736,16355,14172,31896,0,-683840.5968,-994115.3721
Turnov,266,1272,1225,1275,1250,273,4.74,8,8,1,76414,34,16414,14550,31750,1,-683546.9093,-994784.7679
Cidlina,267,1322,1200,1300,1250,357,5.54,7,6+7,0,79962,6364,28495,27318,21472,0,-671545.4093,-1006759.81
Jinolice,268,1377,1250,1300,1275,322,4.6,8,8,1,78017,4949,27540,26539,23345,0,-672968.8676,-1008257.351
Jičín,269,1293,1250,1300,1275,289,2.19,8,8,1,76889,10,30282,21763,24780,1,-671979.3259,-1013112.455
Údrnice,270,1320,1200,1250,1225,266,2.58,8,8,1,67979,9386,27857,18789,26096,0,-679156.1488,-1019167.445
Sběř,271,1332,1250,1300,1275,245,1.44,9,9+10+11,1,76253,6994,32293,7898,27757,0,-668313.5238,-1026758.341
Hrobičany,272,1404,1200,1300,1250,241,1.39,9,9+10+11,1,76293,5800,31294,6716,28129,0,-668027.7738,-1027925.153
Skřivany,273,1360,1200,1300,1250,236,1.45,9,9+10+11,1,79866,3799,24498,94,22955,0,-663558.9613,-1033145.383
Bašnice,274,1318,1200,1300,1250,266,1.4,8,8,0,88663,13596,24700,3307,17431,0,-655669.0863,-1026673.674
Milovice u Hořic,275,1369,1200,1300,1250,272,1.49,8,8,0,90447,14972,23215,2552,15890,0,-653721.753,-1027417.153
Červená Třemešná,277,1267,1200,1300,1250,328,3.77,8,8,0,93811,20745,29925,10357,10031,0,-651927.878,-1019773.341
Nechanice,278,1228,1200,1300,1250,243,1.74,9,9+10+11,0,88272,13140,15165,7229,13507,1,-654719.2322,-1037407.82
Machov,279,1354,1200,1300,1250,455,7.59,6,6+7,0,139217,10787,5045,10826,27880,1,-606647.0863,-1014031.883
Police nad Metují,280,1213,1200,1225,1212.5,438,5.65,7,6+7,0,138404,8891,256,15652,28391,1,-608528.2738,-1009504.862
Žďár nad Metují,281,1406,1200,1300,1250,440,5.99,7,6+7,0,137257,9802,1508,16549,27511,0,-609851.1904,-1008949.237
Kocbeře,282,1415,1275,1300,1287.5,439,3.31,7,6+7,0,110233,12627,27270,14836,3566,0,-636019.8051,-1015694.789
Dvůr Králové nad Labem,283,1270,1200,1300,1250,301,3.32,8,8,0,106441,15998,26955,13134,417,1,-639438.2217,-1017655.351
Žireč,284,1448,1200,1300,1250,277,3.13,8,8,0,108242,17065,23670,10698,266,1,-637027.8676,-1020086.872
Choustníkovo Hradiště,285,1316,1200,1300,1250,290,3.19,7,6+7,0,110550,15086,24088,11666,1995,1,-634970.7321,-1018701.096
Žernov,286,1417,1400,1500,1450,380,3.59,8,8,0,122756,7649,17407,8659,11227,1,-622276.0238,-1019783.242
Náchod,287,1254,1225,1275,1250,353,6.23,7,6+7,0,129493,44,14501,6451,17636,1,-615005.2738,-1022196.242
Malá Skalice,288,1324,1200,1300,1250,283,2.4,8,8,0,120135,9377,17991,5170,8274,0,-624315.9613,-1023243.992
Česká Skalice,289,1238,1200,1300,1250,292,2.31,8,8,0,120687,8816,17672,4779,8836,1,-623691.5446,-1023643.513
Doubravice,290,1404,1200,1300,1250,275,2.11,8,8,0,117233,12296,16271,3802,5484,0,-626990.8988,-1024884.409
Ohnišov,291,1471,1200,1300,1250,408,3.55,7,6+7,0,130634,11189,15849,4549,20795,0,-612557.878,-1033070.617
Doudleby nad Orlicí,292,1259,1200,1300,1250,284,3.48,8,8,0,131599,17682,21436,26997,30094,0,-611975.7946,-1057171.513
Ježkovice,293,1437,1275,1325,1300,421,3.24,7,6+7,0,123367,7177,8885,18432,22427,0,-619508.4821,-1046979.763
Černožice,295,1365,1200,1300,1250,253,1.48,8,8,1,106957,12578,14776,169,847,0,-636576.753,-1030615.284
Všestary,296,1360,1200,1300,1250,265,1.53,8,8,1,97463,7326,12238,5821,4636,0,-645560.6801,-1036610.742
Rusek,297,1454,1200,1300,1250,239,0.93,9,9+10+11,1,104172,5420,12835,6660,2326,0,-638789.9926,-1037444.18
Jeníkovice,299,1385,1275,1325,1300,275,1.88,8,8,1,114084,12324,2591,12135,11881,0,-628735.8259,-1041672.221
Třebechovice pod Orebem,300,1358,1250,1300,1275,243,1.76,8,8,1,113056,11495,4993,14756,12000,1,-629767.7009,-1044630.263
Malšovice,301,1654,1200,1300,1250,232,0.99,9,9+10+11,1,103427,1750,7945,12108,2274,0,-639385.3051,-1042944.867
Roudnička,302,1465,1200,1300,1250,247,1.48,8,8,1,100908,4543,3406,15790,1180,0,-641975.5759,-1046821.013
Lipovec,303,1401,1275,1325,1300,314,3.55,8,8,0,82691,10974,11952,4227,13895,0,-665440.1488,-1072198.523
Lány na Důlku,304,1337,1300,1400,1350,217,0.98,9,9+10+11,1,90551,6803,12806,8391,687,0,-653904.3155,-1060191.732
Kostelec u Heřmanova Městce,305,1257,1250,1300,1275,331,3.95,7,6+7,0,89998,10695,15452,3996,12048,0,-657674.628,-1072195.878
Dřenice,306,1381,1200,1300,1250,243,1.09,9,9+10+11,1,95595,4969,12138,2842,6285,0,-650173.6905,-1066613.169
Vysoké Chvojno,307,1336,1275,1325,1300,304,2.09,8,8,0,110979,14948,9577,20378,9868,1,-632438.6696,-1054601.086
Pardubičky,308,1392,1200,1300,1250,233,0.89,9,9+10+11,1,98388,8192,6471,7977,3346,0,-646345.1697,-1062369.253
Vestec,310,1399,1200,1300,1250,262,1.61,9,9+10+11,1,100200,2176,11304,2016,8825,0,-645953.5863,-1068682.211
Trojovice,311,1244,1200,1300,1250,253,1.19,9,9+10+11,1,108769,9210,4861,875,15688,0,-638434.7894,-1073617.351
Blansko,312,1382,1200,1300,1250,246,1.06,9,9+10+11,1,109899,10390,6019,2889,15449,0,-636855.2269,-1072191.247
Chrast,314,1318,1200,1300,1250,288,2.08,9,9+10+11,0,110561,11586,1266,1987,19742,1,-637688.6644,-1077268.601
Leština,315,1461,1200,1400,1300,408,4.22,7,6+7,0,124046,10071,12393,1530,18480,0,-625213.5603,-1082491.476
Štěnec,316,1372,1200,1300,1250,295,2.53,8,8,0,118189,8152,8512,4591,22097,0,-629002.3936,-1074895.289
Vysoké Mýto,317,1258,1200,1300,1250,289,2.09,8,8,1,125530,5,14196,9722,26485,1,-621000.7321,-1073349.461
Horní Sloupnice,318,1292,1200,1400,1300,379,2.79,8,8,0,136777,5575,5474,9856,28741,0,-610617.1592,-1078126.513
Česká Třebová,319,1278,1200,1400,1300,380,5.12,7,6+7,0,146765,8875,10246,14411,31070,1,-601147.7217,-1081375.596
Opatov,320,1347,1200,1300,1250,439,2.83,7,6+7,0,152351,12484,14820,9953,26984,0,-598038.8675,-1090471.971
Boršov,321,1280,1200,1300,1250,377,4.68,8,8,0,163365,2672,27067,10630,22844,0,-589765.3467,-1100158.367
Moravská Třebová,322,1270,1200,1300,1250,365,4.94,7,6+7,0,165160,55,28291,13221,20283,1,-587411.8779,-1098955.836
Jevíčko,323,1200,1200,1300,1250,362,3.75,8,8,0,172303,14427,39224,8697,22900,1,-585446.0238,-1113194.388
Přibyslav,324,1257,1200,1300,1250,486,3.17,7,6+7,0,110462,8079,14530,10681,634,1,-656071.253,-1111416.388
Havlíčkův Brod,326,1234,1200,1300,1250,422,2.97,7,6+7,0,98965,26,22819,77,299,1,-667085.8572,-1106735.909
Herálec,328,1280,1200,1300,1250,562,3.81,6,6+7,0,96807,12291,17443,9990,10452,0,-676975.0313,-1113993.223
Jiřice,329,1226,1200,1300,1250,569,3.48,7,6+7,0,87690,15170,7888,19775,12005,0,-686613.8022,-1110336.681
Pelhřimov,331,1289,1200,1300,1250,496,3.86,7,6+7,0,93109,50,10939,25402,26833,1,-695093.698,-1122973.181
Pacov,333,1316,1250,1300,1275,572,3.86,6,6+7,0,80200,16615,16595,16038,30005,1,-710338.9897,-1116353.306
Křeč,334,1358,1200,1300,1250,637,3.97,6,6+7,0,85567,16956,26645,4981,39968,0,-717699.698,-1124819.973
Hartvíkov,335,1369,1200,1300,1250,648,3.81,6,6+7,0,77434,15236,20429,7491,34911,0,-720443.4272,-1117153.671
Hroby,336,1358,1200,1300,1250,499,3.56,7,6+7,0,83505,11845,27552,1551,35645,0,-722761.1772,-1124083.108
Sezimovo Ústí,337,1250,1200,1300,1250,399,2.53,7,6+7,0,80340,34,24230,7475,26344,1,-734519.2606,-1122932.171
Tábor,338,1268,1200,1300,1250,453,2.98,8,8,0,76803,3677,21541,7139,27107,1,-735954.6251,-1119517.723
Modlíkov,339,1394,1200,1300,1250,516,5.13,7,6+7,0,66617,19680,7770,16489,18656,0,-748822.6356,-1109366.983
Zhoř,340,1392,1200,1300,1250,560,4.3,7,6+7,0,65237,25370,5064,20779,14493,0,-754471.4897,-1107207.983
Rataje,341,1352,1200,1300,1250,400,2.69,8,8,0,82040,17667,13160,23907,10162,0,-752141.8335,-1124528.931
Sudoměřice u Bechyně,342,1352,1275,1325,1300,441,2.32,8,8,0,89172,5245,22379,18496,11371,0,-746365.9793,-1132122.473
Soběslav,343,1293,1200,1300,1250,406,2.12,8,8,0,94566,2,33628,5023,21080,1,-733837.9585,-1137160.14
Dynín,344,1341,1200,1300,1250,424,1.1,8,8,0,106779,15011,36697,7024,12565,0,-741939.5001,-1149796.64
Dolní Bukovsko,346,1323,1250,1300,1275,446,1.61,8,8,0,102579,14099,35336,12117,9070,1,-745151.5418,-1145573.89
Žimutice,347,1261,1200,1300,1250,444,2.55,8,8,0,98421,16416,29899,18405,4851,0,-749750.0002,-1141197.681
Březí u Týna nad Vltavou,348,1357,1200,1300,1250,491,3.33,7,6+7,0,100895,20342,30765,16937,4007,0,-758846.3752,-1142634.369
Horní Záhoří,349,1575,1200,1300,1250,484,3.65,8,8,0,84111,6244,16905,8779,4728,0,-769006.3752,-1122949.369
Nevězice,350,1499,1200,1300,1250,441,3.44,8,8,0,70586,18767,15860,4203,1268,0,-771367.7814,-1107573.439
Čimelice,351,1352,1200,1300,1250,424,2.65,8,8,0,73683,18350,21762,1787,7280,1,-777529.9273,-1108012.647
Dolní Ostrovec,352,1323,1200,1300,1250,385,2.75,8,8,0,77632,12363,18788,2109,6176,0,-774841.7606,-1113738.231
Mirotice,353,1254,1200,1300,1250,410,3.15,7,6+7,0,78195,15688,21469,3797,10718,1,-780390.7346,-1111594.444
Plíškovice,354,1379,1200,1300,1250,450,2.86,8,8,0,69912,24706,26045,774,10393,0,-780221.4012,-1102082.673
Chrášťovice,355,1544,1200,1300,1250,519,3.35,7,6+7,0,91979,8043,8404,1808,24983,0,-792046.9533,-1120713.309
Čížová,356,1401,1200,1300,1250,444,3.4,7,6+7,0,84628,6647,17725,285,11820,0,-777500.1616,-1120213.246
Topělec,357,1488,1200,1300,1250,394,3.63,8,8,0,85402,3765,19559,3294,9423,0,-774491.8491,-1122329.913
Oldřichov,358,1387,1200,1300,1250,395,3.1,8,8,0,88582,2991,16385,730,12622,0,-777055.6616,-1124716.455
Písek,359,1243,1200,1300,1250,374,4.1,8,8,0,88895,134,18793,3501,10344,1,-774284.1512,-1126158.434
Hradiště,360,1389,1200,1300,1250,408,3.06,8,8,0,90466,2198,16584,1393,12605,0,-776392.8804,-1127023.621
Kestřany,361,1338,1300,1350,1325,373,2.04,8,8,0,94333,6787,12669,2509,17033,0,-780192.2971,-1129632.413
Kváskovice,363,1334,1200,1300,1250,480,4.96,7,6+7,0,104454,11027,10798,9791,25721,0,-786574.0471,-1137866.246
Heřmaň,364,1227,1200,1300,1250,384,2.69,8,8,0,97271,8450,17209,698,15139,1,-776448.4429,-1134291.726
Skály,365,1365,1200,1300,1250,383,2.5,8,8,0,98222,9892,19587,2404,13554,0,-774519.6304,-1135985.059
Myšenec,366,1331,1200,1300,1250,388,2.53,8,8,0,97330,10489,22703,5624,10383,0,-771259.9637,-1136101.476
Krč,367,1352,1200,1300,1250,411,3.19,8,8,0,100028,14617,26227,7587,9314,0,-768828.4429,-1139607.205
Újezdec,368,1389,1250,1300,1275,412,1.87,8,8,0,105103,11733,27993,6007,13176,0,-769590.4429,-1144655.455
Vodňany,369,1318,1200,1300,1250,403,1.9,8,8,0,105997,11036,23470,964,16752,1,-774797.4429,-1144077.34
Munice,370,1384,1200,1300,1250,387,2.84,8,8,0,113966,11003,23158,13342,2814,0,-759458.9269,-1155764.689
České Budějovice,371,1251,1200,1300,1250,390,1.17,8,8,0,123819,31,15247,9752,945,1,-755827.5207,-1166154.876
Branišov,372,1391,1200,1300,1250,402,1.75,8,8,0,123180,5746,13931,7291,4970,0,-761436.6873,-1164785.658
Dubné,373,1263,1200,1300,1250,409,2.29,8,8,0,123598,8381,13481,4907,7466,0,-764121.7121,-1164768.956
Brloh,374,1310,1250,1300,1275,562,7.11,7,6+7,0,129618,13461,13786,6410,11178,0,-775022.5454,-1168573.664
Holubov,375,1379,1275,1325,1300,516,6.91,7,6+7,0,133346,8833,5327,2996,2608,0,-768304.7746,-1173907.664
Opalice,376,1365,1200,1300,1250,487,4.16,8,8,0,133760,10503,4046,1938,1304,0,-762296.0871,-1175354.935
Čertyně,377,1365,1200,1300,1250,508,4.75,8,8,0,133935,9654,3297,802,1129,0,-763531.6912,-1175344.352
Záluží,378,1389,1200,1300,1250,522,5.12,8,8,0,134849,8637,2283,67,1307,0,-764127.0037,-1176175.143
Chlumec,379,1483,1200,1300,1250,524,4.33,8,8,0,135309,8955,2518,662,2393,0,-763073.9621,-1176804.852
Štěkře,380,1339,1200,1300,1250,535,5.1,7,6+7,0,135987,7650,1200,745,1302,0,-764399.5246,-1177283.747
Krnín,381,1395,1200,1300,1250,521,3.75,8,8,0,135294,9464,3105,1315,2967,0,-762349.0037,-1176897.456
Dolní Třebonín,382,1375,1200,1300,1250,526,3.11,7,6+7,0,137041,8562,2904,1127,2685,0,-762296.0871,-1178670.164
Černice,383,1315,1200,1300,1250,509,4.2,7,6+7,0,138918,5722,2045,1466,342,0,-764707.7642,-1180203.424
Chvalšiny,384,1281,1200,1300,1250,570,7.12,7,6+7,0,138030,8987,11703,11856,8860,1,-776782.0246,-1176806.174
Kájov,385,1263,1225,1275,1250,543,7.14,7,6+7,0,142690,4105,9720,10589,3854,0,-773998.6079,-1182261.883
Staré Dobrkovice,386,1347,1200,1250,1225,505,7.36,7,6+7,0,141482,2031,7280,8288,1920,0,-771639.8475,-1181535.602
Český Krumlov,387,1240,1200,1250,1225,491,7.29,7,6+7,0,142201,28,6469,6471,170,1,-769896.2433,-1182619.732
Trhové Sviny,389,1260,1200,1300,1250,460,3,8,8,0,139543,11809,19645,3972,17479,1,-745997.7537,-1182527.789
Benešov nad Černou,390,1332,1200,1300,1250,665,5.58,6,6+7,0,151781,13090,23446,13254,20065,0,-748491.4516,-1194695.977
Tichá,391,1360,1275,1325,1300,656,4.14,6,6+7,0,161095,24336,16087,5971,11127,0,-757376.16,-1203456.331
Cetviny,392,1325,1200,1400,1300,654,5.91,6,6+7,0,163935,25591,18064,7460,13460,0,-755651.0767,-1206452.737
Blansko,393,1360,1200,1300,1250,590,4.42,6,6+7,0,149921,16757,16691,7312,12831,1,-756272.8475,-1192337.216
Kaplice,394,1257,1200,1300,1250,542,4.05,7,6+7,0,150058,15382,15824,5603,11224,1,-757982.0558,-1192310.758
Frymburk,395,1270,1200,1300,1250,736,5.82,5,5,0,159708,19935,11244,19402,307,1,-783056.6183,-1197575.966
Svatý Kříž,396,1530,1300,1400,1350,494,3.06,7,6+7,0,101370,4447,26058,959,3940,0,-667717.9184,-1111114.983
Bezděkov,401,1356,1300,1400,1350,235,2.22,11,9+10+11,1,65348,2954,8986,1081,758,0,-798101.9394,-1008188.098
Divice,402,1318,1300,1400,1350,322,5.18,8,8,0,48134,9018,4117,869,9529,0,-782695.2519,-1016072.681
Jeníkov,403,1352,1300,1400,1350,246,2.64,9,9+10+11,1,76837,2947,4092,7623,20656,0,-781602.5227,-976694.7437
Benešov nad Ploučnicí,404,1352,1300,1400,1350,214,8.7,8,8,0,73167,35,33598,25904,7863,1,-740600.0435,-969888.3375
Rozhled,405,1337,1300,1400,1350,527,7.54,6,6+7,0,86966,13128,45974,16745,24162,0,-720371.3247,-959000.7333
Staré Křečany,406,1485,1300,1400,1350,402,3.79,7,6+7,0,96202,17746,57069,20865,20026,0,-724387.6997,-948599.9625
Zákupy,407,1315,1300,1400,1350,269,2.96,7,6+7,0,68285,7705,27814,19935,32529,1,-718062.8351,-979379.6031
Mříčná,408,1356,1300,1400,1350,417,5.47,7,6+7,0,93898,19236,37864,34450,10313,0,-661496.2413,-996069.5198
Čímyšl,409,1371,1350,1400,1375,308,4.72,7,6+7,1,76975,8788,24007,24453,25067,1,-675781.0955,-1005180.943
Zajakury,410,1383,1300,1325,1312.5,382,3.12,8,8,1,69212,9907,20690,20632,32289,0,-681601.9288,-1010716.026
Bystřice,411,1365,1350,1400,1375,289,2.92,8,8,1,68112,8773,25605,21338,27673,0,-679976.0643,-1016736.62
Mlýnec,412,1322,1300,1350,1325,210,1.88,9,9+10+11,1,62753,4169,26533,13666,19031,0,-682574.2726,-1025433.474
Dolní Javoří,414,1543,1300,1400,1350,349,5.53,7,6+7,0,92665,13349,37974,17503,10781,0,-655364.5226,-1012365.703
Pecka,415,1318,1300,1325,1312.5,416,5.89,7,6+7,0,95218,10631,39198,19346,8651,1,-653295.4809,-1010569.183
Těchlovice,416,1318,1300,1400,1350,278,1.78,8,8,0,93143,8685,8826,11081,7490,0,-649681.2726,-1041512.203
Probluz,417,1347,1300,1400,1350,298,1.75,8,8,1,94141,9256,12143,6909,7767,0,-648839.8976,-1037392.641
Mladé Buky,418,1355,1300,1400,1350,487,8.15,6,6+7,0,115876,7648,29501,31407,10493,0,-635835.6267,-998488.3076
Hlavňov,419,1395,1300,1400,1350,503,6.42,6,6+7,0,140544,6416,2532,17527,30921,0,-606898.1475,-1007243.37
Radeč,420,1545,1300,1400,1350,417,4.98,7,6+7,0,120281,7654,18599,17668,13002,0,-626919.1684,-1010831.12
Hořenice,421,1654,1300,1400,1350,265,2.48,8,8,0,110793,1665,17385,4864,750,0,-633441.1475,-1025330.287
Nové Město nad Metují,422,1501,1500,1600,1550,328,3.65,8,8,0,126760,5791,14528,1516,15746,1,-616708.8975,-1030137.766
Výrava,423,1406,1300,1400,1350,253,1.32,8,8,1,112918,10127,5942,6919,8134,0,-630075.6475,-1036630.641
Přepychy,424,1355,1300,1325,1312.5,312,2.75,7,6+7,0,121693,7295,5115,13310,17785,0,-621126.1163,-1041771.495
Lipovka,425,1497,1300,1325,1312.5,326,3.05,8,8,0,131549,3163,16873,20716,29908,0,-611410.6163,-1049256.558
Srch,426,1436,1300,1400,1350,231,1.13,9,9+10+11,1,95998,5027,6963,13950,3563,0,-647665.4783,-1055777.545
Mikulovice,427,1382,1300,1400,1350,253,1.13,9,9+10+11,1,97883,4449,10057,4005,5853,0,-647691.9366,-1066114.815
Licibořice,428,1329,1300,1325,1312.5,402,4.23,7,6+7,0,98805,8672,13747,8670,18109,0,-650585.8168,-1078470.857
Raná,429,1349,1300,1400,1350,496,2.69,7,6+7,0,115341,20947,10645,11390,11024,0,-636967.7127,-1088853.107
Hnátnice,430,1364,1300,1400,1350,377,5.68,7,6+7,0,145076,5936,18566,24020,27597,0,-600029.2334,-1068711.701
Sopotnice,431,1356,1300,1350,1325,353,6.38,7,6+7,0,137717,10211,20983,23915,33102,0,-606567.0876,-1063099.888
Heřmaneč,432,1350,1300,1400,1350,621,4.34,6,6+7,0,123492,13707,20421,15788,37123,0,-694802.9835,-1156799.43
Jílovice,433,1366,1300,1400,1350,497,1.83,8,8,0,134838,11952,26286,4467,20165,0,-738879.9211,-1177802.055
Malšín,436,1339,1325,1375,1350,797,7.42,5,5,0,157089,14957,6470,10292,3743,0,-773954.4107,-1196992.284
Prachatice,437,1312,1300,1400,1350,578,9.3,6,6+7,0,123379,16,28199,15777,18635,1,-789780.4628,-1157110.316
Lhota pod Kůstrým,438,1528,1350,1400,1375,667,6.42,6,6+7,0,112911,11631,16649,14206,39036,0,-808448.1399,-1134895.899
Kraselov,439,1352,1300,1400,1350,593,5.97,7,6+7,0,105475,8076,7866,8286,37054,0,-800359.8274,-1131413.982
Nestanice,440,1443,1300,1400,1350,440,2.44,8,8,0,110729,5333,27792,1088,18527,0,-773808.8899,-1149323.628
Budičovice,442,1399,1375,1425,1400,392,2.48,8,8,0,98838,7670,19163,1726,14274,0,-775147.6815,-1136419.899
Žďár,443,1460,1300,1400,1350,380,3.31,8,8,0,96110,10148,23936,7241,8762,0,-769731.6607,-1135284.836
Stará Dobev,446,1318,1300,1400,1350,386,3.31,8,8,0,92119,7306,11442,3909,17603,0,-781694.1347,-1126532.75
Vrcovice,448,1542,1350,1400,1375,413,3.92,7,6+7,0,84510,4500,18842,5936,6922,0,-771848.9888,-1122386.73
Dobešice,449,1468,1350,1400,1375,434,3.58,7,6+7,0,85366,8498,16451,11834,2314,0,-765951.4263,-1125191.313
Podolí,450,1368,1300,1400,1350,460,3.76,7,6+7,0,81156,13384,11401,16112,2712,0,-761673.1138,-1121955.459
Probulov,451,1312,1300,1400,1350,459,3.62,7,6+7,0,69049,20526,16743,3584,2646,0,-771671.718,-1105749.73
Staré Sedlo,452,1352,1300,1400,1350,424,4.22,8,8,0,67326,21898,15572,5165,1055,1,-769877.843,-1104667.584
Balkova Lhota,453,1523,1350,1400,1375,495,2.54,8,8,0,71974,9188,17347,8304,26122,0,-739035.3638,-1114896.375
Horská Kvilda,454,1577,1300,1400,1350,1068,5.96,4,4,0,130423,9577,33539,11448,33035,0,-820874.9576,-1147502.303
Nezdice na Šumavě,455,1396,1300,1400,1350,624,8.44,6,6+7,0,117338,5239,23123,8742,40475,0,-815069.9993,-1135471.698
Sedlečko,457,1591,1300,1400,1350,503,4.86,7,6+7,0,108244,8398,22049,2980,50276,0,-819121.7623,-1119790.836
Bolešiny,460,1524,1275,1325,1300,418,3.85,8,8,0,107284,5242,18615,18698,39097,0,-829144.179,-1106712.482
Dřevec,463,1419,1300,1400,1350,434,2.7,8,8,0,64643,20210,22001,16091,4608,0,-807346.4811,-1046771.128
Svinná,464,1363,1300,1400,1350,441,4.55,8,8,0,61248,19915,21426,8613,3802,0,-802646.4889,-1056103.478
Cetkov,465,1379,1275,1325,1300,520,4.96,6,6+7,0,59115,15380,14135,1884,10885,0,-798688.3222,-1062321.187
Černice,466,1402,1300,1400,1350,336,3.14,8,8,0,84300,4251,16342,6186,6915,0,-820635.5097,-1075425.999
Krupá,468,1353,1300,1400,1350,365,3.27,8,8,0,50201,7953,8698,7717,18440,0,-790163.4472,-1026348.436
Kyšice,469,1316,1300,1400,1350,395,2.34,8,8,1,22547,14359,17951,505,12193,0,-765073.0097,-1039437.374
Čelina,470,1336,1300,1400,1350,344,6.41,8,8,0,40032,21679,17066,11338,1813,0,-754972.5409,-1081162.166
Bedrč,472,1381,1300,1400,1350,314,4.42,8,8,0,37688,18858,3125,5034,4558,0,-725875.8828,-1076689.8
Štíhlice,473,1358,1300,1400,1350,380,3.08,8,8,0,27286,14082,12968,3581,13647,0,-718560.1536,-1055525.78
Stupice,474,1346,1300,1400,1350,292,1.54,8,8,1,16705,15911,16427,977,14184,0,-727233.1953,-1049051.425
Kaňk,475,1436,1350,1400,1375,259,2.23,9,9+10+11,0,62124,3007,2338,689,4705,1,-684053.1952,-1063190.759
Semtěš,476,1322,1300,1400,1350,275,2.47,8,8,1,79515,9474,15956,791,8973,0,-667059.0077,-1067188.613
Býchory,478,1352,1300,1400,1350,214,1.78,9,9+10+11,1,60836,6610,12087,8647,5111,0,-682822.8827,-1053133.946
Velim,479,1323,1300,1400,1350,207,1.37,9,9+10+11,1,49177,7633,12423,5729,4338,0,-694562.4453,-1052524.082
Předhradí,480,1352,1300,1400,1350,191,0.91,9,9+10+11,1,52169,7911,13160,6612,899,0,-691040.8411,-1049446.978
Vrbice,481,1305,1275,1325,1300,209,1.32,9,9+10+11,1,58786,13551,18596,172,8431,0,-684090.2369,-1040281.811
Chvalovice,482,1390,1300,1400,1350,187,0.57,9,9+10+11,1,48046,3970,7930,2619,766,0,-694808.5078,-1040996.186
Záluží,484,1454,1300,1350,1325,202,1.39,10,9+10+11,1,24212,7796,16588,3783,2633,0,-718798.2786,-1039932.561
Vesce,485,1547,1300,1400,1350,170,1.41,11,9+10+11,1,23520,3374,19550,4445,1014,0,-720541.8828,-1035458.457
Benátky nad Jizerou,486,1343,1300,1400,1350,239,2.13,9,9+10+11,1,36743,10022,20517,1897,12903,1,-711157.1119,-1024367.123
Chvistonosy,487,1373,1275,1325,1300,232,1.56,9,9+10+11,1,59276,10638,11647,9549,28344,0,-693578.1953,-1010010.832
Kašperské Hory,488,1300,1300,1400,1350,738,9.71,5,5,0,122164,35,28228,6430,40167,1,-819624.2685,-1138015.998
Sušice,489,1233,1200,1300,1250,476,7.93,7,6+7,0,115370,63,27948,108,49553,1,-820777.8519,-1128059.727
Kolinec,490,1290,1200,1225,1212.5,535,5.71,7,6+7,0,112612,9633,24556,8380,51293,1,-825376.3102,-1119602.321
Zbynice,491,1226,1200,1300,1250,530,5.67,7,6+7,0,110956,6413,24455,3688,53123,0,-821113.8727,-1121634.321
Chanovice,492,1352,1250,1300,1275,549,2.8,7,6+7,0,91320,9367,14906,8240,33612,0,-803738.6852,-1111045.696
Oselce,493,1394,1200,1300,1250,591,4.56,6,6+7,0,90144,13105,10046,11553,36136,0,-806365.9977,-1106949.946
Štipoklasy,494,1558,1200,1300,1250,603,4.61,7,6+7,0,99560,14821,11701,9691,41296,0,-816822.331,-1109614.3
Neurazy,495,1551,1200,1300,1250,483,4.97,7,6+7,0,97059,16881,8046,14515,36437,0,-817661.0602,-1104812.113
Vojovice,496,1551,1200,1300,1250,461,4.38,7,6+7,0,95861,16957,6831,17158,33808,0,-818211.3935,-1102219.196
Klatovy,498,1253,1225,1275,1250,420,3.08,8,8,0,111948,25,23685,13609,41273,1,-834315.2581,-1107516.154
Lhovice,499,1548,1200,1300,1250,408,4.63,8,8,0,105389,12180,17393,11038,30007,0,-834312.6123,-1095313.571
Pivoň,500,1379,1200,1300,1250,605,7.2,6,6+7,0,138364,14801,64,20472,56459,0,-872522.4144,-1091186.071
Poběžovice,501,1359,1200,1300,1250,437,3.66,8,8,0,133005,10431,5422,19517,51111,1,-867490.0394,-1089344.571
Bor,504,1263,1200,1300,1250,477,2.21,8,8,0,125326,13960,15793,2085,45039,1,-865828.4561,-1066971.404
Pernolec,505,1251,1200,1300,1250,485,2.46,7,6+7,0,129765,4175,23356,11063,39500,0,-871588.4353,-1059012.738
Lhotka,506,1366,1200,1300,1250,487,3.17,7,6+7,0,87557,16803,13198,15554,16360,0,-829612.2894,-1054509.529
Kožlany,507,1238,1225,1275,1250,427,2.67,8,8,0,63562,17960,22505,14662,6190,1,-806360.706,-1044320.425
Letkov,508,1325,1200,1300,1250,388,3.66,8,8,0,79550,3641,20827,4616,5235,0,-816695.331,-1072509.134
Radčice,509,1420,1200,1300,1250,312,2.53,8,8,0,86542,4062,15223,2978,5101,0,-825818.1644,-1067508.509
Plzeň,510,1295,1200,1300,1250,319,2.46,8,8,0,83955,53,16614,217,1998,1,-822407.6852,-1069724.394
Vejprnice,511,1235,1200,1300,1250,329,2.24,8,8,0,91337,7573,10205,265,9312,0,-829908.6227,-1070530.05
Přeštice,512,1226,1200,1300,1250,357,2.71,8,8,0,97184,17372,13060,15147,21417,1,-828747.1019,-1088407.946
Veselá,513,1352,1200,1225,1212.5,449,3.63,7,6+7,0,73235,9306,18918,12060,14598,0,-807281.456,-1077763.759
Číčov,514,1352,1200,1300,1250,555,3.51,7,6+7,0,73443,17005,16271,20746,23330,0,-802479.2685,-1085844.134
Spálené Poříčí,515,1239,1200,1300,1250,418,3.57,7,6+7,0,78855,13303,12674,20554,21277,0,-808427.1019,-1086756.946
Vlčice,516,1379,1200,1300,1250,390,3.97,8,8,0,85285,15240,7845,23344,23763,0,-813287.4977,-1091051.134
Žďár,517,1326,1200,1300,1250,414,4.63,7,6+7,0,84551,17985,5782,25025,26657,0,-810840.1019,-1093231.3
Tlestko,518,1419,1200,1300,1250,528,3.05,7,6+7,0,68479,19243,19117,4506,16839,0,-810773.956,-1034620.8
Rakovník,519,1257,1200,1300,1250,322,3.88,8,8,0,49491,28,16377,69,11978,1,-791509.6435,-1034193.498
Lišany,520,1252,1200,1300,1250,340,3.2,8,8,0,49045,5057,11324,5099,15904,0,-789924.7893,-1029388.665
Tuchlovice,521,1283,1275,1325,1300,389,2.43,8,8,0,31322,12408,18321,5754,11691,0,-772539.0185,-1033153.686
Stochov,522,1324,1200,1300,1250,449,2.57,8,8,0,33496,12749,16695,6942,11899,0,-774340.831,-1031711.706
Čelechovice,523,1358,1175,1225,1200,399,2.64,8,8,0,34501,11620,14364,6734,13931,0,-774504.8727,-1029386.019
Chýnice,525,1339,1200,1300,1250,328,2.82,8,8,1,15188,13455,9401,2392,6376,0,-755335.8101,-1051613.665
Hudlice,526,1341,1200,1300,1250,395,6.11,7,6+7,0,35067,7221,23787,6314,4956,0,-776597.7268,-1052415.352
Neumětely,528,1331,1200,1300,1250,316,2.78,8,8,0,37894,12615,17190,6357,11837,0,-773684.6643,-1064994.967
Březnice,530,1238,1200,1300,1250,467,2.43,8,8,0,67963,31099,24443,5695,15010,1,-784515.3831,-1096685.436
Příbram,531,1216,1200,1300,1250,506,4.09,7,6+7,0,53317,30998,14810,4982,15588,1,-778284.4456,-1082826.561
Trhové Dušníky,532,1321,1200,1300,1250,453,4.02,7,6+7,0,50832,28147,13589,5585,17006,0,-777646.7997,-1080040.498
Zalužany,533,1291,1200,1300,1250,469,2.78,8,8,0,65318,26342,22623,827,5656,0,-775167.6539,-1099762.54
Vletice,535,1220,1200,1300,1250,375,6.77,7,6+7,0,54280,35024,16984,16040,5433,0,-758057.0497,-1095116.456
Libčice,536,1321,1200,1300,1250,393,5.82,7,6+7,0,37894,28819,15195,8860,4117,0,-755903.3414,-1078582.644
Sedlčany,537,1294,1200,1300,1250,352,4.22,8,8,0,47742,35622,22777,17529,9170,1,-749008.2997,-1090359.248
Kosova Hora,538,1290,1200,1300,1250,380,4.4,7,6+7,0,48347,33569,21620,14197,11299,1,-745772.4455,-1091277.352
Kamenný Újezdec,541,1410,1200,1300,1250,249,5.57,8,8,0,26492,24070,9430,5568,352,0,-739478.008,-1069302.384
Benešov,542,1219,1200,1300,1250,362,3.46,8,8,0,38946,32026,327,2494,6497,1,-728270.258,-1079150.175
Rataje nad Sázavou,545,1289,1275,1300,1287.5,353,5.8,7,6+7,0,47209,18037,5875,19552,398,1,-708280.9872,-1075212.514
Bělčice,546,1390,1250,1300,1275,444,5.2,7,6+7,0,38852,21523,6483,12249,2991,1,-718908.6382,-1073649.488
Hradové Střimelice,547,1320,1200,1300,1250,396,6.08,7,6+7,0,35053,16115,2161,14405,1977,0,-717487.8257,-1067257.154
Horní Bučice,549,1279,1200,1300,1250,231,1.09,9,9+10+11,1,75832,4611,11960,1026,12412,0,-672012.5653,-1070186.092
Kutná Hora,550,1276,1200,1300,1250,263,2.84,8,8,1,62526,67,2078,3595,7741,1,-684733.7319,-1066181.623
Sokoleč,551,1332,1275,1300,1287.5,192,0.9,9,9+10+11,1,49121,10010,10212,4804,3737,0,-694015.3153,-1048656.946
Vlkov pod Oškobrhem,552,1353,1200,1300,1250,233,1.22,9,9+10+11,1,57637,13208,17316,1983,6225,0,-685175.5861,-1042902.258
Kněžice,553,1295,1200,1300,1250,226,1.4,9,9+10+11,1,67939,8380,28710,4747,19696,0,-675650.5861,-1032774.008
Říčany,554,1289,1200,1300,1250,339,2.28,8,8,1,19844,18750,17287,7337,13490,1,-727643.857,-1055816.571
Mukařov,555,1352,1200,1300,1250,429,2.49,7,6+7,0,25124,16960,13192,5418,12347,0,-721545.2111,-1056398.654
Třebohostice,556,1417,1200,1300,1250,338,2.12,8,8,0,22173,17843,18028,1046,14747,0,-722293.982,-1051427.133
Úvaly,557,1300,1250,1300,1275,248,1.76,8,8,1,22114,14069,19216,3007,10678,1,-721158.9195,-1047511.3
Aldašín,558,1352,1200,1300,1250,433,3.86,8,8,0,32338,11104,7937,7041,8962,0,-715409.5236,-1060192.779
Český Brod,559,1259,1225,1275,1250,222,2.09,9,9+10+11,1,31428,11455,11027,4249,11321,1,-711902.4716,-1048704.571
Kounice,561,1257,1200,1300,1250,210,1.94,10,9+10+11,1,31160,14495,9422,462,7297,0,-711709.3257,-1044905.154
Svémyslice,562,1227,1200,1300,1250,240,1.13,9,9+10+11,1,17546,5621,18790,3860,4716,0,-725811.6174,-1038679.508
Hlavenec,563,1386,1200,1300,1250,195,1.53,9,9+10+11,1,26287,5434,22931,437,5375,0,-720623.1382,-1028926.967
Sedlčánky,564,1375,1200,1300,1250,173,1.26,11,9+10+11,1,27651,8632,14266,6171,347,0,-715701.8882,-1037581.488
Přerov nad Labem,565,1227,1200,1300,1250,179,1.33,11,9+10+11,1,29983,11512,11394,5305,2292,1,-713119.5549,-1038858.764
Slivínko,566,1223,1200,1300,1250,282,2.3,8,8,1,32633,12756,25736,3845,11705,0,-717688.9091,-1022195.305
Krpy,567,1352,1200,1300,1250,236,2.43,8,8,1,32945,14957,28525,7974,12291,0,-720287.1174,-1018980.618
Úhelnice,568,1395,1200,1300,1250,242,1.53,9,9+10+11,1,57713,8299,9370,6472,29425,0,-696383.5015,-1008741.574
Všeborsko,569,1384,1200,1300,1250,249,2.06,8,8,1,61680,12629,10864,10018,30554,0,-692044.3348,-1007992.803
Horní Bousov,570,1323,1200,1300,1250,288,2.34,8,8,1,64760,14251,13926,13662,31397,0,-688147.0223,-1008299.719
Dolní Bousov,571,1330,1250,1300,1275,242,2.88,9,9+10+11,1,63746,15903,15953,15177,28999,1,-687739.564,-1010919.094
Mnichovo Hradiště,572,1279,1200,1300,1250,242,2.63,9,9+10+11,1,62436,13485,1901,2396,37896,1,-697329.3869,-1000248.449
Údlice,574,1295,1250,1300,1275,289,1.7,10,9+10+11,1,78905,13564,4016,10557,8038,1,-805024.3345,-994485.8026
Květnov,575,1552,1400,1500,1450,631,7.37,6,6+7,0,88886,5841,7160,19343,16970,0,-809929.7095,-984746.4901
Okna,576,1352,1200,1300,1250,284,3.31,8,8,0,52154,20055,19612,18687,21277,0,-718564.4542,-996847.2915
Komárov,577,1430,1300,1325,1312.5,643,6.94,6,6+7,0,82812,8635,24579,23150,23748,0,-674971.7042,-995529.6665
Dobruška,578,1312,1200,1300,1250,297,2.4,8,8,0,126234,13909,10759,7326,17738,1,-616776.5999,-1035947.417
Hradec Králové,579,1073,800,900,850,248,0.81,9,9+10+11,1,101789,22,,11438,552,1,-641025.6625,-1042392.667
Malšova Lhota,580,1403,1300,1400,1350,233,1.26,9,9+10+11,1,105213,3494,9218,12198,3997,0,-637599.3083,-1042982.687
Peklo,581,1543,1400,1500,1450,335,3.96,7,6+7,0,135236,4504,22816,26958,33999,0,-608111.4958,-1055039.75
Vrbice,582,1544,1175,1225,1200,423,3.81,7,6+7,0,130930,16450,22329,24947,29318,0,-612866.0583,-1059045.542
Zdechovice,583,1352,1200,1300,1250,241,2.53,9,9+10+11,1,75176,7414,13862,7385,3659,0,-669762.3064,-1060775.42
Okrouhlice,584,1454,1200,1300,1250,411,3.09,7,6+7,0,92209,6895,20191,5167,201,0,-673109.2856,-1103386.566
Dlouhá Ves,585,1256,1200,1300,1250,467,3.66,7,6+7,0,106668,7398,18997,6202,2006,0,-660525.7022,-1110895.441
Stříbro,586,1183,800,900,850,402,3.79,8,8,0,108275,34249,,1823,28235,1,-848832.3066,-1065002.139
Tisová,587,1233,1200,1300,1250,500,2,7,6+7,0,127715,6752,20854,9279,41212,0,-869344.1295,-1060367.962
Roztoky,588,1233,1200,1300,1250,184,4.12,10,9+10+11,1,8072,7556,7524,1838,646,0,-743362.7752,-1034967.962
Zbuzany,589,1395,1100,1200,1150,358,2.54,8,8,1,11964,10502,8438,923,7220,0,-753345.8351,-1048693.553
Neveklov,590,1285,1200,1300,1250,411,4.83,8,8,0,37994,35528,12043,9163,8125,1,-739870.6059,-1080901.282
Domašín,591,1352,1200,1300,1250,379,3.7,8,8,0,52932,33006,8837,15068,9972,1,-715867.6059,-1088582.137
Hradsko,592,1217,1000,1100,1050,322,4.58,8,8,0,39937,22514,,21062,10064,0,-725960.1372,-1006813.98
Bubeneč,593,1197,1100,1200,1150,207,4.25,10,9+10+11,1,2110,1605,1572,19,1542,0,-743520.6984,-1041034.114
Hostovice,594,1244,1100,1200,1150,239,0.96,9,9+10+11,1,103875,7661,13558,2137,7002,0,-641384.2321,-1065435.773
